id,source,folder_hint,true_class,cluster
0,labeled,,1,1
0,labeled,,1,1
0,labeled,,1,1
1,labeled,,1,1
1,labeled,,1,1
1,labeled,,1,1
2,labeled,,1,1
2,labeled,,1,1
2,labeled,,1,1
3,labeled,,1,1
3,labeled,,1,1
3,labeled,,1,1
4,labeled,,1,1
4,labeled,,1,1
4,labeled,,1,1
5,labeled,,1,1
5,labeled,,1,1
5,labeled,,1,1
6,labeled,,1,1
6,labeled,,1,1
6,labeled,,1,1
7,labeled,,1,1
7,labeled,,1,1
7,labeled,,1,1
8,labeled,,1,1
8,labeled,,1,1
8,labeled,,1,1
9,labeled,,1,1
9,labeled,,1,1
9,labeled,,1,1
10,labeled,,1,1
10,labeled,,1,1
10,labeled,,1,1
11,labeled,,0,1
11,labeled,,0,1
11,labeled,,0,1
12,labeled,,1,1
12,labeled,,1,1
12,labeled,,1,1
13,labeled,,1,1
13,labeled,,1,1
13,labeled,,1,1
14,labeled,,0,1
14,labeled,,0,1
14,labeled,,0,1
15,labeled,,1,1
15,labeled,,1,1
15,labeled,,1,1
16,labeled,,1,1
16,labeled,,1,1
16,labeled,,1,1
17,labeled,,1,1
17,labeled,,1,1
17,labeled,,1,1
18,labeled,,1,1
18,labeled,,1,1
18,labeled,,1,1
19,labeled,,1,1
19,labeled,,1,1
19,labeled,,1,1
20,labeled,,1,1
20,labeled,,1,1
20,labeled,,1,1
21,labeled,,1,1
21,labeled,,1,1
21,labeled,,1,1
22,labeled,,1,1
22,labeled,,1,1
22,labeled,,1,1
23,labeled,,1,1
23,labeled,,1,1
23,labeled,,1,1
24,labeled,,0,1
24,labeled,,0,1
24,labeled,,0,1
25,labeled,,1,1
25,labeled,,1,1
25,labeled,,1,1
26,labeled,,0,1
26,labeled,,0,1
26,labeled,,0,1
27,labeled,,0,1
27,labeled,,0,1
27,labeled,,0,1
28,labeled,,1,1
28,labeled,,1,1
28,labeled,,1,1
29,labeled,,0,1
29,labeled,,0,1
29,labeled,,0,1
30,labeled,,1,1
30,labeled,,1,1
30,labeled,,1,1
31,labeled,,1,1
31,labeled,,1,1
31,labeled,,1,1
32,labeled,,1,1
32,labeled,,1,1
32,labeled,,1,1
33,labeled,,0,1
33,labeled,,0,1
33,labeled,,0,1
34,labeled,,0,1
34,labeled,,0,1
34,labeled,,0,1
35,labeled,,1,1
35,labeled,,1,1
35,labeled,,1,1
36,labeled,,1,1
36,labeled,,1,1
36,labeled,,1,1
37,labeled,,1,1
37,labeled,,1,1
37,labeled,,1,1
38,labeled,,1,1
38,labeled,,1,1
38,labeled,,1,1
39,labeled,,1,1
39,labeled,,1,1
39,labeled,,1,1
40,labeled,,1,1
40,labeled,,1,1
40,labeled,,1,1
41,labeled,,0,1
41,labeled,,0,1
41,labeled,,0,1
42,labeled,,0,1
42,labeled,,0,1
42,labeled,,0,1
43,labeled,,1,1
43,labeled,,1,1
43,labeled,,1,1
44,labeled,,1,1
44,labeled,,1,1
44,labeled,,1,1
45,labeled,,0,1
45,labeled,,0,1
45,labeled,,0,1
46,labeled,,1,1
46,labeled,,1,1
46,labeled,,1,1
47,labeled,,0,1
47,labeled,,0,1
47,labeled,,0,1
48,labeled,,0,1
48,labeled,,0,1
48,labeled,,0,1
49,labeled,,0,1
49,labeled,,0,1
49,labeled,,0,1
50,labeled,,1,1
50,labeled,,1,1
50,labeled,,1,1
51,labeled,,1,1
51,labeled,,1,1
51,labeled,,1,1
52,labeled,,1,1
52,labeled,,1,1
52,labeled,,1,1
53,labeled,,1,1
53,labeled,,1,1
53,labeled,,1,1
54,labeled,,1,1
54,labeled,,1,1
54,labeled,,1,1
55,labeled,,1,1
55,labeled,,1,1
55,labeled,,1,1
56,labeled,,1,1
56,labeled,,1,1
56,labeled,,1,1
57,labeled,,1,1
57,labeled,,1,1
57,labeled,,1,1
58,labeled,,1,1
58,labeled,,1,1
58,labeled,,1,1
59,labeled,,1,1
59,labeled,,1,1
59,labeled,,1,1
60,labeled,,1,1
60,labeled,,1,1
60,labeled,,1,1
61,labeled,,1,1
61,labeled,,1,1
61,labeled,,1,1
62,labeled,,1,1
62,labeled,,1,1
62,labeled,,1,1
63,labeled,,1,1
63,labeled,,1,1
63,labeled,,1,1
64,labeled,,1,1
64,labeled,,1,1
64,labeled,,1,1
65,labeled,,0,1
65,labeled,,0,1
65,labeled,,0,1
66,labeled,,1,1
66,labeled,,1,1
66,labeled,,1,1
67,labeled,,1,1
67,labeled,,1,1
67,labeled,,1,1
68,labeled,,1,1
68,labeled,,1,1
68,labeled,,1,1
69,labeled,,0,1
69,labeled,,0,1
69,labeled,,0,1
70,labeled,,1,1
70,labeled,,1,1
70,labeled,,1,1
71,labeled,,1,1
71,labeled,,1,1
71,labeled,,1,1
72,labeled,,1,1
72,labeled,,1,1
72,labeled,,1,1
73,labeled,,0,1
73,labeled,,0,1
73,labeled,,0,1
74,labeled,,1,1
74,labeled,,1,1
74,labeled,,1,1
75,labeled,,0,1
75,labeled,,0,1
75,labeled,,0,1
76,labeled,,1,1
76,labeled,,1,1
76,labeled,,1,1
77,labeled,,1,1
77,labeled,,1,1
77,labeled,,1,1
78,labeled,,0,1
78,labeled,,0,1
78,labeled,,0,1
79,labeled,,1,1
79,labeled,,1,1
79,labeled,,1,1
80,labeled,,1,1
80,labeled,,1,1
80,labeled,,1,1
81,labeled,,1,1
81,labeled,,1,1
81,labeled,,1,1
82,labeled,,1,1
82,labeled,,1,1
82,labeled,,1,1
83,labeled,,0,1
83,labeled,,0,1
83,labeled,,0,1
84,labeled,,1,1
84,labeled,,1,1
84,labeled,,1,1
85,labeled,,1,1
85,labeled,,1,1
85,labeled,,1,1
86,labeled,,1,1
86,labeled,,1,1
86,labeled,,1,1
87,labeled,,1,1
87,labeled,,1,1
87,labeled,,1,1
88,labeled,,1,1
88,labeled,,1,1
88,labeled,,1,1
89,labeled,,0,1
89,labeled,,0,1
89,labeled,,0,1
90,labeled,,1,1
90,labeled,,1,1
90,labeled,,1,1
91,labeled,,1,1
91,labeled,,1,1
91,labeled,,1,1
92,labeled,,1,1
92,labeled,,1,1
92,labeled,,1,1
93,labeled,,1,1
93,labeled,,1,1
93,labeled,,1,1
94,labeled,,1,1
94,labeled,,1,1
94,labeled,,1,1
95,labeled,,1,1
95,labeled,,1,1
95,labeled,,1,1
96,labeled,,0,1
96,labeled,,0,1
96,labeled,,0,1
97,labeled,,1,1
97,labeled,,1,1
97,labeled,,1,1
98,labeled,,1,1
98,labeled,,1,1
98,labeled,,1,1
99,labeled,,1,1
99,labeled,,1,1
99,labeled,,1,1
100,labeled,,1,1
100,labeled,,1,1
100,labeled,,1,1
101,labeled,,1,1
101,labeled,,1,1
101,labeled,,1,1
102,labeled,,1,1
102,labeled,,1,1
102,labeled,,1,1
103,labeled,,0,1
103,labeled,,0,1
103,labeled,,0,1
104,labeled,,1,1
104,labeled,,1,1
104,labeled,,1,1
105,labeled,,1,1
105,labeled,,1,1
105,labeled,,1,1
106,labeled,,1,1
106,labeled,,1,1
106,labeled,,1,1
107,labeled,,1,1
107,labeled,,1,1
107,labeled,,1,1
108,labeled,,1,1
108,labeled,,1,1
108,labeled,,1,1
109,labeled,,1,1
109,labeled,,1,1
109,labeled,,1,1
110,labeled,,1,1
110,labeled,,1,1
110,labeled,,1,1
111,labeled,,0,1
111,labeled,,0,1
111,labeled,,0,1
112,labeled,,1,1
112,labeled,,1,1
112,labeled,,1,1
113,labeled,,1,1
113,labeled,,1,1
113,labeled,,1,1
114,labeled,,1,1
114,labeled,,1,1
114,labeled,,1,1
115,labeled,,1,1
115,labeled,,1,1
115,labeled,,1,1
116,labeled,,1,1
116,labeled,,1,1
116,labeled,,1,1
117,labeled,,1,1
117,labeled,,1,1
117,labeled,,1,1
118,labeled,,1,1
118,labeled,,1,1
118,labeled,,1,1
119,labeled,,0,1
119,labeled,,0,1
119,labeled,,0,1
120,labeled,,1,1
120,labeled,,1,1
120,labeled,,1,1
121,labeled,,1,1
121,labeled,,1,1
121,labeled,,1,1
122,labeled,,1,1
122,labeled,,1,1
122,labeled,,1,1
123,labeled,,0,1
123,labeled,,0,1
123,labeled,,0,1
124,labeled,,1,1
124,labeled,,1,1
124,labeled,,1,1
125,labeled,,0,1
125,labeled,,0,1
125,labeled,,0,1
126,labeled,,1,1
126,labeled,,1,1
126,labeled,,1,1
127,labeled,,1,1
127,labeled,,1,1
127,labeled,,1,1
128,labeled,,1,1
128,labeled,,1,1
128,labeled,,1,1
129,labeled,,1,1
129,labeled,,1,1
129,labeled,,1,1
130,labeled,,0,1
130,labeled,,0,1
130,labeled,,0,1
131,labeled,,0,1
131,labeled,,0,1
131,labeled,,0,1
132,labeled,,0,1
132,labeled,,0,1
132,labeled,,0,1
133,labeled,,1,1
133,labeled,,1,1
133,labeled,,1,1
134,labeled,,1,1
134,labeled,,1,1
134,labeled,,1,1
135,labeled,,0,1
135,labeled,,0,1
135,labeled,,0,1
136,labeled,,0,1
136,labeled,,0,1
136,labeled,,0,1
137,labeled,,1,1
137,labeled,,1,1
137,labeled,,1,1
138,labeled,,1,1
138,labeled,,1,1
138,labeled,,1,1
139,labeled,,1,1
139,labeled,,1,1
139,labeled,,1,1
140,labeled,,1,1
140,labeled,,1,1
140,labeled,,1,1
141,labeled,,1,1
141,labeled,,1,1
141,labeled,,1,1
142,labeled,,1,1
142,labeled,,1,1
142,labeled,,1,1
143,labeled,,1,1
143,labeled,,1,1
143,labeled,,1,1
144,labeled,,1,1
144,labeled,,1,1
144,labeled,,1,1
145,labeled,,1,1
145,labeled,,1,1
145,labeled,,1,1
146,labeled,,1,1
146,labeled,,1,1
146,labeled,,1,1
147,labeled,,1,1
147,labeled,,1,1
147,labeled,,1,1
148,labeled,,1,1
148,labeled,,1,1
148,labeled,,1,1
149,labeled,,0,1
149,labeled,,0,1
149,labeled,,0,1
150,labeled,,1,1
150,labeled,,1,1
150,labeled,,1,1
151,labeled,,1,1
151,labeled,,1,1
151,labeled,,1,1
152,labeled,,1,1
152,labeled,,1,1
152,labeled,,1,1
153,labeled,,0,1
153,labeled,,0,1
153,labeled,,0,1
154,labeled,,1,1
154,labeled,,1,1
154,labeled,,1,1
155,labeled,,1,1
155,labeled,,1,1
155,labeled,,1,1
156,labeled,,0,1
156,labeled,,0,1
156,labeled,,0,1
157,labeled,,0,1
157,labeled,,0,1
157,labeled,,0,1
158,labeled,,1,1
158,labeled,,1,1
158,labeled,,1,1
159,labeled,,1,1
159,labeled,,1,1
159,labeled,,1,1
160,labeled,,1,1
160,labeled,,1,1
160,labeled,,1,1
161,labeled,,1,1
161,labeled,,1,1
161,labeled,,1,1
162,labeled,,1,1
162,labeled,,1,1
162,labeled,,1,1
163,labeled,,0,1
163,labeled,,0,1
163,labeled,,0,1
164,labeled,,1,1
164,labeled,,1,1
164,labeled,,1,1
165,labeled,,1,1
165,labeled,,1,1
165,labeled,,1,1
166,labeled,,1,1
166,labeled,,1,1
166,labeled,,1,1
167,labeled,,1,1
167,labeled,,1,1
167,labeled,,1,1
168,labeled,,1,1
168,labeled,,1,1
168,labeled,,1,1
169,labeled,,1,1
169,labeled,,1,1
169,labeled,,1,1
170,labeled,,1,1
170,labeled,,1,1
170,labeled,,1,1
171,labeled,,1,1
171,labeled,,1,1
171,labeled,,1,1
172,labeled,,1,1
172,labeled,,1,1
172,labeled,,1,1
173,labeled,,0,1
173,labeled,,0,1
173,labeled,,0,1
174,labeled,,1,1
174,labeled,,1,1
174,labeled,,1,1
175,labeled,,1,1
175,labeled,,1,1
175,labeled,,1,1
176,labeled,,1,1
176,labeled,,1,1
176,labeled,,1,1
177,labeled,,1,1
177,labeled,,1,1
177,labeled,,1,1
178,labeled,,0,1
178,labeled,,0,1
178,labeled,,0,1
179,labeled,,1,1
179,labeled,,1,1
179,labeled,,1,1
180,labeled,,0,1
180,labeled,,0,1
180,labeled,,0,1
181,labeled,,1,1
181,labeled,,1,1
181,labeled,,1,1
182,labeled,,1,1
182,labeled,,1,1
182,labeled,,1,1
183,labeled,,1,1
183,labeled,,1,1
183,labeled,,1,1
184,labeled,,1,1
184,labeled,,1,1
184,labeled,,1,1
185,labeled,,1,1
185,labeled,,1,1
185,labeled,,1,1
186,labeled,,1,1
186,labeled,,1,1
186,labeled,,1,1
187,labeled,,0,1
187,labeled,,0,1
187,labeled,,0,1
188,labeled,,1,1
188,labeled,,1,1
188,labeled,,1,1
189,labeled,,0,1
189,labeled,,0,1
189,labeled,,0,1
190,labeled,,1,1
190,labeled,,1,1
190,labeled,,1,1
191,labeled,,1,1
191,labeled,,1,1
191,labeled,,1,1
192,labeled,,0,1
192,labeled,,0,1
192,labeled,,0,1
193,labeled,,1,1
193,labeled,,1,1
193,labeled,,1,1
194,labeled,,0,1
194,labeled,,0,1
194,labeled,,0,1
195,labeled,,0,1
195,labeled,,0,1
195,labeled,,0,1
196,labeled,,0,1
196,labeled,,0,1
196,labeled,,0,1
197,labeled,,1,1
197,labeled,,1,1
197,labeled,,1,1
198,labeled,,0,1
198,labeled,,0,1
198,labeled,,0,1
199,labeled,,1,1
199,labeled,,1,1
199,labeled,,1,1
200,labeled,,1,1
200,labeled,,1,1
200,labeled,,1,1
201,labeled,,1,1
201,labeled,,1,1
201,labeled,,1,1
202,labeled,,1,1
202,labeled,,1,1
202,labeled,,1,1
203,labeled,,0,1
203,labeled,,0,1
203,labeled,,0,1
204,labeled,,1,1
204,labeled,,1,1
204,labeled,,1,1
205,labeled,,1,1
205,labeled,,1,1
205,labeled,,1,1
206,labeled,,1,1
206,labeled,,1,1
206,labeled,,1,1
207,labeled,,1,1
207,labeled,,1,1
207,labeled,,1,1
208,labeled,,1,1
208,labeled,,1,1
208,labeled,,1,1
209,labeled,,1,1
209,labeled,,1,1
209,labeled,,1,1
210,labeled,,0,1
210,labeled,,0,1
210,labeled,,0,1
211,labeled,,1,1
211,labeled,,1,1
211,labeled,,1,1
212,labeled,,1,1
212,labeled,,1,1
212,labeled,,1,1
213,labeled,,0,1
213,labeled,,0,1
213,labeled,,0,1
214,labeled,,1,1
214,labeled,,1,1
214,labeled,,1,1
215,labeled,,1,1
215,labeled,,1,1
215,labeled,,1,1
216,labeled,,0,1
216,labeled,,0,1
216,labeled,,0,1
217,labeled,,1,1
217,labeled,,1,1
217,labeled,,1,1
218,labeled,,1,1
218,labeled,,1,1
218,labeled,,1,1
219,labeled,,0,1
219,labeled,,0,1
219,labeled,,0,1
220,labeled,,1,1
220,labeled,,1,1
220,labeled,,1,1
221,labeled,,0,1
221,labeled,,0,1
221,labeled,,0,1
222,labeled,,0,1
222,labeled,,0,1
222,labeled,,0,1
223,labeled,,1,1
223,labeled,,1,1
223,labeled,,1,1
224,labeled,,1,1
224,labeled,,1,1
224,labeled,,1,1
225,labeled,,1,1
225,labeled,,1,1
225,labeled,,1,1
226,labeled,,1,1
226,labeled,,1,1
226,labeled,,1,1
227,labeled,,1,1
227,labeled,,1,1
227,labeled,,1,1
228,labeled,,1,1
228,labeled,,1,1
228,labeled,,1,1
229,labeled,,1,1
229,labeled,,1,1
229,labeled,,1,1
230,labeled,,1,1
230,labeled,,1,1
230,labeled,,1,1
231,labeled,,1,1
231,labeled,,1,1
231,labeled,,1,1
232,labeled,,0,1
232,labeled,,0,1
232,labeled,,0,1
233,labeled,,1,1
233,labeled,,1,1
233,labeled,,1,1
234,labeled,,0,1
234,labeled,,0,1
234,labeled,,0,1
235,labeled,,0,1
235,labeled,,0,1
235,labeled,,0,1
236,labeled,,1,1
236,labeled,,1,1
236,labeled,,1,1
237,labeled,,0,1
237,labeled,,0,1
237,labeled,,0,1
238,labeled,,1,1
238,labeled,,1,1
238,labeled,,1,1
239,labeled,,1,1
239,labeled,,1,1
239,labeled,,1,1
240,labeled,,1,1
240,labeled,,1,1
240,labeled,,1,1
241,labeled,,1,1
241,labeled,,1,1
241,labeled,,1,1
242,labeled,,0,1
242,labeled,,0,1
242,labeled,,0,1
243,labeled,,1,1
243,labeled,,1,1
243,labeled,,1,1
244,labeled,,0,1
244,labeled,,0,1
244,labeled,,0,1
245,labeled,,0,1
245,labeled,,0,1
245,labeled,,0,1
246,labeled,,0,1
246,labeled,,0,1
246,labeled,,0,1
247,labeled,,1,1
247,labeled,,1,1
247,labeled,,1,1
248,labeled,,1,1
248,labeled,,1,1
248,labeled,,1,1
249,labeled,,1,1
249,labeled,,1,1
249,labeled,,1,1
250,labeled,,0,1
250,labeled,,0,1
250,labeled,,0,1
251,labeled,,0,1
251,labeled,,0,1
251,labeled,,0,1
cold1,unlabeled_audio,cold,,0
cold2,unlabeled_audio,cold,,0
logitechFatigue1,unlabeled_audio,fatigue,,0
logitechFatigue2,unlabeled_audio,fatigue,,0
logitechMorning1,unlabeled_audio,fatigue,,0
maonoFatigue1,unlabeled_audio,fatigue,,0
maonoFatigue2,unlabeled_audio,fatigue,,0
maonoMorning1,unlabeled_audio,fatigue,,0
Fhoarsed1,unlabeled_audio,hoarsed,,0
Fhoarsed2,unlabeled_audio,hoarsed,,0
hoarsed2,unlabeled_audio,hoarsed,,0
hoarsed3,unlabeled_audio,hoarsed,,0
hoarsed4,unlabeled_audio,hoarsed,,0
hoarsed5,unlabeled_audio,hoarsed,,0
hoarsed6,unlabeled_audio,hoarsed,,0
logitechAbitHoarsed,unlabeled_audio,hoarsed,,0
logitechHoarsed,unlabeled_audio,hoarsed,,0
maonoAbitHoarsed,unlabeled_audio,hoarsed,,0
maonohoarsed,unlabeled_audio,hoarsed,,0
Mhoarsed1,unlabeled_audio,hoarsed,,0
Mhoarsed3,unlabeled_audio,hoarsed,,0
realHoarsed1,unlabeled_audio,hoarsed,,0
realHoarsed2,unlabeled_audio,hoarsed,,0
Fnormal1,unlabeled_audio,normal,,0
Fnormal2,unlabeled_audio,normal,,0
Fnormal3,unlabeled_audio,normal,,0
logitechNormal,unlabeled_audio,normal,,0
logitechStrain,unlabeled_audio,normal,,0
maonoNormal,unlabeled_audio,normal,,0
maonoStrain,unlabeled_audio,normal,,0
Mnormal1,unlabeled_audio,normal,,0
Mnormal2,unlabeled_audio,normal,,1
Mnormal3,unlabeled_audio,normal,,1
normal2,unlabeled_audio,normal,,0
normal3,unlabeled_audio,normal,,0
normal4,unlabeled_audio,normal,,0
normal5,unlabeled_audio,normal,,0
logitechScream,unlabeled_audio,Scream,,0
maonoScream,unlabeled_audio,Scream,,0
Mhoarsed2-wind,unlabeled_audio,wind,,0
totalWind,unlabeled_audio,wind,,0
