id,path,folder_hint,jitter_local,shimmer_local,hnr_db,cpps_db,f0_mean_hz,f0_std_hz,f0_min_hz,f0_max_hz,f0_voiced_ratio,alpha_ratio_db,spectral_flux_mean,spectral_flux_std,spectral_slope_db_per_hz,spectral_centroid_mean_hz,spectral_centroid_std_hz,mfcc_1_mean,mfcc_2_mean,mfcc_3_mean,mfcc_4_mean,mfcc_5_mean,mfcc_6_mean,mfcc_7_mean,mfcc_8_mean,mfcc_9_mean,mfcc_10_mean,mfcc_11_mean,mfcc_12_mean,mfcc_13_mean,mfcc_1_std,mfcc_2_std,mfcc_3_std,mfcc_4_std,mfcc_5_std,mfcc_6_std,mfcc_7_std,mfcc_8_std,mfcc_9_std,mfcc_10_std,mfcc_11_std,mfcc_12_std,mfcc_13_std
cold1,dataset\ไฟล์เสียง\cold\cold1.mp3,cold,0.005811228116170414,0.035442901929062416,19.300577226029407,8.738703956442768,203.65959916197681,5.440575958711734,191.5211239251473,233.08188075904494,0.9150326797385621,16.389957463447775,0.021512558683753014,0.012302911264232535,-0.0020109659922001575,3148.1911566022304,334.0624678597278,-455.2439880371094,125.50804138183594,-7.304071426391602,33.33647918701172,-45.477054595947266,29.488571166992188,-8.01816177368164,43.922794342041016,4.209095478057861,-12.744791984558105,-1.0887573957443237,1.8810464143753052,2.069016933441162,68.91133117675781,9.807498931884766,10.387299537658691,9.428823471069336,17.436607360839844,9.23643970489502,7.845831871032715,8.6694917678833,4.742396831512451,5.662286758422852,4.252894878387451,3.9439117908477783,4.932371139526367
cold2,dataset\ไฟล์เสียง\cold\cold2.mp3,cold,0.005837017758021006,0.037805659324297865,20.076648407780272,8.24948838940723,202.69554102039797,2.897451349774782,193.74649219115264,231.73942791006385,0.8495575221238938,16.261752248978567,0.025493644177913666,0.017698391322968913,-0.0019858224556733297,2452.252566314746,728.8703308879167,-508.33172607421875,142.15615844726562,-4.1986613273620605,26.39482879638672,-33.27792739868164,28.76599884033203,-5.713313102722168,30.46605110168457,13.192998886108398,-14.511178970336914,1.4083970785140991,-0.23998357355594635,6.007411479949951,82.30760955810547,22.11568832397461,13.697396278381348,9.132079124450684,19.001684188842773,8.14550495147705,7.456799030303955,9.430139541625977,6.930017471313477,8.61778450012207,3.7516424655914307,6.193850994110107,5.682586193084717
logitechFatigue1,dataset\ไฟล์เสียง\fatigue\logitechFatigue1.mp3,fatigue,0.009259541542332113,0.07956079331021933,9.909693797944268,8.790921393206181,202.8675143210153,25.430381263182344,105.64102395561046,251.2581146483697,0.8342749529190208,2.619712791595866,0.03284980356693268,0.008386475774859499,-0.0025631923046183225,1795.1209357306625,433.11994361270473,-550.564697265625,204.5315704345703,-66.32231903076172,-14.210494995117188,-0.7768568396568298,-36.84154510498047,14.741839408874512,12.56966495513916,-20.917755126953125,-10.112776756286621,-7.9115519523620605,3.3749499320983887,4.268373489379883,74.33958435058594,41.781150817871094,21.207744598388672,6.0790815353393555,5.304520606994629,15.34942626953125,4.9957146644592285,5.656551837921143,6.754878997802734,4.6120924949646,4.4723801612854,4.434182643890381,4.1942524909973145
logitechFatigue2,dataset\ไฟล์เสียง\fatigue\logitechFatigue2.mp3,fatigue,0.004678794990955047,0.07025414385518948,14.607742986618604,10.281821169938391,217.94031597234334,3.4108205549995954,211.28204791122093,237.15608026942812,0.9921996879875195,1.2864651225190293,0.026376718655228615,0.008489347808810303,-0.002311747678995524,1243.633814988904,107.44815852060357,-498.3848571777344,228.83917236328125,-55.72963333129883,-31.766263961791992,-12.000259399414062,-42.70716094970703,13.04434871673584,24.38080406188965,-17.458791732788086,-14.94017505645752,-8.194687843322754,-5.111186981201172,-5.172521591186523,23.594160079956055,12.460192680358887,10.90225887298584,7.1354546546936035,5.851653575897217,5.391568660736084,4.01324987411499,3.9488718509674072,4.01004695892334,3.370903968811035,3.5795881748199463,3.310636520385742,3.5402653217315674
logitechMorning1,dataset\ไฟล์เสียง\fatigue\logitechMorning1.mp3,fatigue,0.007542070695488109,0.11924796965300981,8.946989712116357,11.835993210357625,177.04521116265445,58.53422978696677,112.57112811964524,244.1052838549259,0.8173784977908689,0.5071421542281253,0.0373058021068573,0.010556508558514761,-0.0027086070341797077,1691.1958265491148,332.2854004826607,-497.45416259765625,234.97386169433594,-87.4461898803711,-18.66146469116211,-3.133756637573242,-58.85274124145508,13.054147720336914,26.781696319580078,-17.21180534362793,-5.7686052322387695,-11.3627347946167,-10.174860954284668,6.674173831939697,51.067535400390625,30.9061336517334,19.685182571411133,6.843559741973877,5.546382427215576,11.625911712646484,4.88209867477417,6.044147491455078,5.41975212097168,4.3274054527282715,4.393686294555664,4.786496639251709,4.058956623077393
maonoFatigue1,dataset\ไฟล์เสียง\fatigue\maonoFatigue1.mp3,fatigue,0.012588141160317128,0.05523713040803704,11.646702061056196,9.20530158571411,203.87194350656253,31.91653640954394,103.82617439498627,229.0776735576574,0.7843450479233227,7.253851645572878,0.02756747417151928,0.010439731259089573,-0.002502417650998464,3639.263406796807,721.2565841432714,-486.24676513671875,136.38356018066406,-27.390235900878906,30.282291412353516,-41.82543182373047,21.016921997070312,-20.875864028930664,46.66157913208008,-12.072921752929688,-11.667262077331543,7.207827568054199,6.579829216003418,-0.7543678283691406,82.24202728271484,22.14995002746582,18.822322845458984,9.131926536560059,22.357078552246094,4.441181182861328,9.878844261169434,12.652838706970215,7.499961853027344,7.880285739898682,4.786585807800293,4.215061664581299,4.456840991973877
maonoFatigue2,dataset\ไฟล์เสียง\fatigue\maonoFatigue2.mp3,fatigue,0.006248691405680606,0.03056412089737829,19.08313806330334,10.369985086639861,227.06463870579213,8.992242695541865,216.22053167995523,312.9293240034019,0.8945147679324894,9.659576728519193,0.020940562710165977,0.012165916849385418,-0.0022702791539306725,2358.737662863228,386.09613484053364,-404.97381591796875,145.74679565429688,-24.06431770324707,19.49488067626953,-45.134769439697266,6.65843391418457,-11.843244552612305,34.038970947265625,-12.376800537109375,-18.099321365356445,-2.7384259700775146,3.7201406955718994,-3.951528310775757,63.81882095336914,12.963335990905762,10.713448524475098,7.377573490142822,21.195899963378906,4.037272930145264,8.690650939941406,6.238234519958496,8.293722152709961,5.148680686950684,5.285120487213135,3.6916611194610596,5.99798059463501
maonoMorning1,dataset\ไฟล์เสียง\fatigue\maonoMorning1.mp3,fatigue,0.008608414057619388,0.06671800916244117,11.96933886600346,10.618459837771386,166.36809553550333,57.0547009060996,114.5388367788287,246.94165062806206,0.7751004016064257,7.4708217468140194,0.030324824154376984,0.01713351740486014,-0.002594090326672683,3077.5713734294523,482.99986767204206,-411.3536682128906,146.5140838623047,-31.120121002197266,35.55071258544922,-48.03264236450195,15.663911819458008,-15.591114044189453,40.492897033691406,-8.120895385742188,-6.432583332061768,-6.629740238189697,1.1002978086471558,3.332615375518799,86.76473999023438,25.013071060180664,15.335712432861328,10.126006126403809,21.530244827270508,5.759829998016357,7.192620277404785,10.128406524658203,7.441116809844971,6.847442150115967,6.384250640869141,5.624660015106201,4.712106227874756
Fhoarsed1,dataset\ไฟล์เสียง\hoarsed\Fhoarsed1.mp3,hoarsed,0.054974636956863776,0.09767388807624271,6.937883497790117,12.711152711847516,117.65310423762838,28.939466951027836,65.40639132514966,154.66751207845843,0.16253869969040247,8.936111939492491,0.06208190321922302,0.022602871356724567,-0.002655942714251329,1725.8073687636863,598.785020956147,-441.3492736816406,204.7868194580078,-18.586530685424805,17.962093353271484,-6.652838230133057,3.375110626220703,-21.155231475830078,15.15488052368164,-35.90481185913086,-14.216411590576172,12.12164306640625,-3.9486193656921387,16.78606414794922,75.8145751953125,38.65129852294922,19.23084831237793,10.459223747253418,8.103880882263184,7.4768195152282715,8.980533599853516,5.887075901031494,12.658763885498047,9.070721626281738,6.1986846923828125,8.378677368164062,5.638815402984619
Fhoarsed2,dataset\ไฟล์เสียง\hoarsed\Fhoarsed2.mp3,hoarsed,0.05316639080161853,0.09549825378758525,5.581435151971296,10.471840563160345,192.59837140856976,83.319874782434,66.16637698451642,298.79793764201077,0.15375854214123008,7.299268036372956,0.052521832287311554,0.0195073484628754,-0.0029175232509297613,1985.0915691471764,597.4035338266941,-417.17633056640625,196.05392456054688,-25.27761459350586,17.912485122680664,-10.889087677001953,-4.831933498382568,-18.651288986206055,27.44011116027832,-27.6064510345459,-13.26594066619873,14.964461326599121,-5.846069812774658,21.879243850708008,78.1045913696289,38.92387771606445,17.751970291137695,11.789003372192383,12.889616012573242,10.342794418334961,7.863395690917969,7.345239639282227,10.861119270324707,7.91782283782959,5.613506317138672,7.248900890350342,7.521886348724365
hoarsed2,dataset\ไฟล์เสียง\hoarsed\hoarsed2.mp3,hoarsed,0.014632890128443455,0.18422046367669143,6.118771507997756,8.611775288103374,178.5518895842216,67.51538213666602,81.93226047174862,255.6500291307247,0.35209235209235207,6.314524650629413,0.03500185161828995,0.014325687001313519,-0.003030396967250481,4096.362889217584,669.2866218839272,-367.0850830078125,132.4639129638672,-40.04354476928711,44.49359130859375,-38.909339904785156,20.74847412109375,-41.01497268676758,19.041519165039062,-5.75333833694458,5.570736885070801,21.951845169067383,-14.249935150146484,-4.529210090637207,136.74855041503906,22.90239715576172,28.899824142456055,18.626806259155273,27.346969604492188,7.05832052230835,25.641931533813477,6.430816650390625,7.42966890335083,6.839452266693115,10.055404663085938,12.135637283325195,7.228138446807861
hoarsed3,dataset\ไฟล์เสียง\hoarsed\hoarsed3.mp3,hoarsed,0.010175277676370106,0.07864957291590435,10.784811960036645,10.105734522910266,164.17012796638642,56.55372310986616,96.87324609557632,244.1052838549259,0.8310077519379845,3.9658776191214233,0.03016391396522522,0.01209873053335663,-0.0027805988219840308,2665.348836616564,664.9102266657172,-407.6641540527344,164.095703125,-36.10007858276367,32.88544464111328,-52.861270904541016,18.924047470092773,3.385664939880371,30.040176391601562,-5.454638957977295,-11.387798309326172,7.605293273925781,-7.013476371765137,-2.970404863357544,83.09249877929688,25.456472396850586,19.308692932128906,11.65501594543457,24.146060943603516,7.968203067779541,8.963580131530762,7.701663494110107,6.897183895111084,7.513762474060059,6.5631513595581055,7.288655757904053,5.120444297790527
hoarsed4,dataset\ไฟล์เสียง\hoarsed\hoarsed4.mp3,hoarsed,0.02634343815386958,0.09828700351352773,6.657742084156553,8.376550545019388,177.67089729497405,48.399386193456046,65.40639132514966,227.75828324510303,0.6773049645390071,4.508958803589126,0.03530370816588402,0.010597569934091772,-0.003003242077480595,3657.0260697497533,685.3181928688268,-270.23663330078125,156.07936096191406,-36.67772674560547,31.865299224853516,-64.34440612792969,26.840225219726562,-28.241506576538086,37.726436614990234,-3.389390468597412,-30.4201717376709,21.00457763671875,-3.429917812347412,-9.62000846862793,69.77715301513672,20.969738006591797,16.459646224975586,12.310232162475586,22.94696044921875,7.938943386077881,11.752541542053223,8.51601791381836,7.9932379722595215,10.877645492553711,7.810572624206543,11.950980186462402,6.914000034332275
hoarsed5,dataset\ไฟล์เสียง\hoarsed\hoarsed5.mp3,hoarsed,0.018343139893625973,0.07675938458157616,12.087183443427628,8.40743989581358,209.1960029389758,44.484557206602894,65.40639132514966,244.1052838549259,0.750390015600624,9.153306374338992,0.035415370017290115,0.017460826074002993,-0.0024783892798475493,3014.4003640692085,534.290359500207,-342.4405212402344,147.72389221191406,-17.091203689575195,30.51285743713379,-51.645477294921875,9.439481735229492,-23.205699920654297,48.3071174621582,-0.8084246516227722,-14.800620079040527,2.54547119140625,4.7816057205200195,-6.9038777351379395,105.51710510253906,22.02945899963379,12.019392967224121,10.506155014038086,32.206085205078125,6.937469005584717,15.730669975280762,13.527910232543945,8.593006134033203,8.20323657989502,6.241940975189209,5.086643695831299,7.871297836303711
hoarsed6,dataset\ไฟล์เสียง\hoarsed\hoarsed6.mp3,hoarsed,0.01309240065123077,0.04758602658691497,15.160135054468249,10.931172373648417,182.72585993204672,51.24955743070749,100.28947374140385,231.73942791006385,0.8125490196078431,13.989130839944696,0.028041567653417587,0.015305026950348872,-0.0023794952044636957,2332.7714103066273,513.8056261435995,-331.18719482421875,167.09942626953125,-6.200653553009033,33.473567962646484,-44.720035552978516,12.957246780395508,-28.95070457458496,30.448389053344727,2.023082971572876,-18.006454467773438,-1.8183587789535522,7.432887554168701,6.296200752258301,51.93336868286133,21.0045108795166,12.59170913696289,9.239033699035645,16.910507202148438,6.5821919441223145,13.441876411437988,8.556187629699707,5.47259521484375,7.579689979553223,5.749075889587402,8.377005577087402,9.73620319366455
logitechAbitHoarsed,dataset\ไฟล์เสียง\hoarsed\logitechAbitHoarsed.mp3,hoarsed,0.009992257619555245,0.1018093366626197,12.251745371420764,11.784015463490311,233.2031959236897,6.806855032866705,204.08500572708806,246.94165062806206,0.9217081850533808,-1.6271100282505833,0.04330237954854965,0.01606380557747272,-0.0025515690029508445,1504.2983009092475,54.947778823008825,-382.4691467285156,219.56338500976562,-86.7445068359375,-48.39956283569336,-16.607892990112305,-45.65358352661133,15.149497032165527,19.92888069152832,-31.177244186401367,-15.051698684692383,2.8691625595092773,-8.434982299804688,-13.241044998168945,19.503257751464844,10.053328514099121,11.894280433654785,6.212411880493164,4.3940863609313965,4.603774547576904,5.3354268074035645,5.3299384117126465,3.8427743911743164,4.163783073425293,5.107356548309326,4.274735927581787,3.9878246784210205
logitechHoarsed,dataset\ไฟล์เสียง\hoarsed\logitechHoarsed.mp3,hoarsed,0.03038527345180843,0.1867156970947315,3.3610546880712295,8.091984521553787,230.08393956768552,4.305726139018002,221.27444703492776,245.51937137864914,0.41114982578397213,-4.04385505530227,0.05272349715232849,0.011046599895644322,-0.0028127829782274363,1714.3895210796638,167.4897612538025,-332.63165283203125,214.833984375,-101.87805938720703,-44.972412109375,-15.910263061523438,-52.12027359008789,14.552213668823242,16.48675537109375,-32.01594543457031,-8.925191879272461,0.43789640069007874,-12.217796325683594,-8.835500717163086,27.28296661376953,16.910293579101562,11.143505096435547,7.762256622314453,7.485897064208984,6.7227678298950195,5.834593296051025,4.563541412353516,8.032220840454102,6.040769577026367,6.28972864151001,7.427905559539795,4.303617000579834
maonoAbitHoarsed,dataset\ไฟล์เสียง\hoarsed\maonoAbitHoarsed.mp3,hoarsed,0.0075637687487992425,0.05602142320224564,14.712923933350645,9.95907045066972,242.62538250376966,4.818506690087675,226.44649206156825,255.6500291307247,0.9592592592592593,4.880926174508052,0.025444796308875084,0.0089716478830281,-0.0025898691463115756,2770.657422714606,397.03377722717255,-294.9093933105469,149.73681640625,-47.806461334228516,23.280101776123047,-65.30888366699219,11.786689758300781,-12.970391273498535,38.00758743286133,-18.83650779724121,-16.107393264770508,3.6250836849212646,-2.5421955585479736,-8.517515182495117,20.398645401000977,9.722578048706055,9.613813400268555,6.255207061767578,7.542054176330566,5.289266109466553,7.896499156951904,6.419209003448486,6.589416027069092,5.164247035980225,4.8090291023254395,5.510464191436768,4.579373836517334
maonohoarsed,dataset\ไฟล์เสียง\hoarsed\maonohoarsed.mp3,hoarsed,0.01729109154861147,0.15379735054048596,3.924046672253729,7.659618330837739,231.43127833582594,13.429683025497232,182.87233715141332,267.74077300753,0.5392491467576792,-0.5121811141763317,0.03333919122815132,0.008339443486888705,-0.0031734233188499554,4345.023885641401,424.22522162245446,-255.99429321289062,131.94320678710938,-65.79584503173828,24.412424087524414,-68.28311157226562,30.586597442626953,-18.948179244995117,32.143150329589844,-14.353520393371582,-25.18975830078125,20.597492218017578,-18.203662872314453,-3.6841819286346436,60.259315490722656,12.864587783813477,13.52170467376709,8.68665599822998,19.67890739440918,8.237736701965332,12.27939224243164,6.53963041305542,8.421038627624512,8.883218765258789,6.239861965179443,10.774280548095703,11.364490509033203
Mhoarsed1,dataset\ไฟล์เสียง\hoarsed\Mhoarsed1.mp3,hoarsed,0.03355801519798672,0.1123267284668384,2.3263006887425495,8.050755286551611,195.18109775312982,191.33530899131665,65.40639132514966,577.2395659524774,0.37777777777777777,2.77005497444788,0.050266049802303314,0.024580675566174652,-0.00345350620677093,2307.0892360401276,426.72516475389074,-417.9976501464844,183.7539520263672,-46.01747512817383,35.55006408691406,3.7982685565948486,9.526922225952148,-21.726123809814453,7.052799701690674,-2.7111599445343018,-20.596765518188477,-3.0033352375030518,26.653045654296875,1.0874172449111938,81.16374206542969,36.43157196044922,24.26456642150879,15.964759826660156,11.159461975097656,9.754251480102539,13.489497184753418,12.497279167175293,10.573132514953613,13.818979263305664,13.188349723815918,11.24041748046875,9.191652297973633
Mhoarsed3,dataset\ไฟล์เสียง\hoarsed\Mhoarsed3.mp3,hoarsed,0.01853923978035976,0.10555538328354713,10.468738329804626,12.154557853517357,129.27219829432408,54.838228430064056,65.40639132514966,318.3992322368831,0.5559055118110237,11.860516430952249,0.05773654952645302,0.03087009075734404,-0.002721597043822014,2062.8383289190324,751.3838284430927,-438.07037353515625,163.73597717285156,-20.867944717407227,26.674962997436523,-1.2783726453781128,2.6753084659576416,-7.589056968688965,-13.362445831298828,-15.699952125549316,0.8293912410736084,-4.156801223754883,7.3496809005737305,21.833330154418945,101.86273193359375,42.980770111083984,29.095365524291992,12.815235137939453,20.71878433227539,11.908712387084961,9.769356727600098,12.964057922363281,11.283608436584473,6.498730659484863,7.302196979522705,4.9777631759643555,7.2754669189453125
realHoarsed1,dataset\ไฟล์เสียง\hoarsed\realHoarsed1.mp3,hoarsed,0.006400949028298109,0.03210449817837384,19.72917540675136,9.342069051989313,217.83379326466138,32.43227900285336,107.48759652776705,238.52991146631203,0.8567208271787297,12.025126991174817,0.023062093183398247,0.014191034695363248,-0.002171070255582813,2030.398020138116,841.7230714207315,-489.08392333984375,163.10433959960938,-17.999937057495117,23.53083038330078,-37.89170455932617,5.256775856018066,-6.953641414642334,30.919658660888672,-9.796873092651367,-17.06859016418457,0.47051748633384705,-4.242286205291748,7.006229877471924,62.52466583251953,24.486539840698242,14.579826354980469,7.294215202331543,18.710966110229492,8.55536937713623,6.947913646697998,7.65226936340332,6.2733988761901855,7.99241828918457,6.3158721923828125,6.692881107330322,5.363389015197754
realHoarsed2,dataset\ไฟล์เสียง\hoarsed\realHoarsed2.mp3,hoarsed,0.006884468147512336,0.038955956615945614,18.067205224919892,7.451192045583091,236.9405904115924,2.2907877816670754,230.40470702053787,245.51937137864914,0.8699690402476781,12.870721963194768,0.027468381449580193,0.021140875441281702,-0.002111021488692785,2334.5861315864126,711.5542250110421,-483.29400634765625,137.1206817626953,-14.165565490722656,14.112218856811523,-31.308956146240234,7.965170860290527,-2.1432042121887207,26.359100341796875,1.9039846658706665,-11.679473876953125,-7.585942268371582,2.1133217811584473,-0.5704931616783142,82.42517852783203,27.889339447021484,17.967601776123047,10.35861873626709,21.223554611206055,6.273869514465332,7.720634460449219,7.238170146942139,7.152191162109375,7.938114166259766,7.310056209564209,4.68778133392334,5.421172142028809
Fnormal1,dataset\ไฟล์เสียง\normal\Fnormal1.mp3,normal,0.004236024896620441,0.019333852450591556,24.9283780282999,14.217738161234013,213.63242787612683,2.6914892549514646,202.90956258890662,233.08188075904494,0.9308510638297872,11.077741058305293,0.020754339173436165,0.02417868017302246,-0.0020665699880880236,1823.238026110329,247.93286116951134,-352.2203674316406,149.75482177734375,-44.452491760253906,27.905534744262695,2.0709784030914307,12.743592262268066,0.756589949131012,4.656400680541992,-2.305021047592163,-20.184478759765625,8.98676872253418,25.430152893066406,-19.784433364868164,63.33106231689453,17.406539916992188,22.04420280456543,5.791230201721191,14.513102531433105,5.544375896453857,6.640786647796631,8.807223320007324,7.330665111541748,9.015274047851562,4.622694969177246,9.926012992858887,9.52546215057373
Fnormal2,dataset\ไฟล์เสียง\normal\Fnormal2.mp3,normal,0.005033272275243131,0.021593415849907566,20.246803754814977,13.17148682018055,207.987171291905,2.710610510608963,204.08500572708806,225.1422562392905,0.8428745432399513,9.996748472698627,0.03006378561258316,0.029693071626717558,-0.002261986907647209,2243.5555149824854,432.12970649852656,-361.1061096191406,150.5081787109375,-51.77199172973633,25.907798767089844,-1.1757817268371582,20.130456924438477,-15.886195182800293,9.804008483886719,-0.11364957690238953,-23.64030647277832,20.0035343170166,17.634906768798828,-15.78807544708252,104.37516784667969,28.452022552490234,34.27207565307617,6.938133239746094,13.437492370605469,6.775902271270752,11.966064453125,5.412763595581055,5.687408447265625,12.978795051574707,7.04893684387207,8.458606719970703,12.003925323486328
Fnormal3,dataset\ไฟล์เสียง\normal\Fnormal3.mp3,normal,0.0025040435075182397,0.02992621276002027,23.708811348132567,12.519985186199968,214.10288307859608,37.916365321868234,65.40639132514966,316.5653876023804,0.8059701492537313,8.35316454374475,0.03342975303530693,0.03746682658245925,-0.002136168682748994,2047.854826996471,509.03498171386167,-438.08270263671875,148.21018981933594,-34.53450012207031,7.066158294677734,17.508066177368164,13.35988998413086,-14.735668182373047,27.64883041381836,-3.0025553703308105,-6.293452739715576,14.115278244018555,1.2024829387664795,-5.223230361938477,101.33733367919922,32.863609313964844,35.22854232788086,13.660966873168945,8.314067840576172,5.850324630737305,15.809332847595215,10.160265922546387,8.528188705444336,7.19651460647583,7.545414447784424,6.03456449508667,7.963965892791748
logitechNormal,dataset\ไฟล์เสียง\normal\logitechNormal.mp3,normal,0.004337448855557034,0.046787319575671435,17.413496120057143,10.626151226523332,253.4467636223486,3.929113684957904,219.99999999999997,273.99891691894106,0.8990825688073395,2.291979829069321,0.023331766948103905,0.01066856282479243,-0.002276065184655705,1584.211021794004,1211.079178059079,-478.38818359375,200.45176696777344,-71.5269546508789,-23.334623336791992,2.921551465988159,-44.17855453491211,-1.1746143102645874,11.139479637145996,-23.09803581237793,-11.122960090637207,-4.352296829223633,-5.289932727813721,0.9708639979362488,84.421875,51.51703643798828,23.72256851196289,10.600801467895508,6.788218975067139,16.34271812438965,5.513721466064453,7.159539699554443,9.425622940063477,5.606268405914307,5.954319953918457,4.401736736297607,3.4758009910583496
logitechStrain,dataset\ไฟล์เสียง\normal\logitechStrain.mp3,normal,0.008219165740091988,0.1422539219708569,10.507676075295919,9.22881027013905,219.26138457741305,13.10336580792334,186.06888929891866,285.30470202322215,0.9699646643109541,-6.332226353263261,0.03888627141714096,0.011777616192982005,-0.0026282592560879304,1484.3037188857882,159.23718412725964,-341.496337890625,176.7281951904297,-61.28558349609375,-54.24382400512695,-18.556161880493164,-28.293846130371094,10.024920463562012,23.28192901611328,-10.451106071472168,-20.557096481323242,-13.75196361541748,-6.086538791656494,-8.177258491516113,35.70561599731445,14.269182205200195,21.293575286865234,5.896726608276367,5.811807632446289,7.1232590675354,6.637643337249756,5.0255560874938965,6.547245979309082,6.156914710998535,5.001539707183838,4.4399213790893555,3.908003330230713
maonoNormal,dataset\ไฟล์เสียง\normal\maonoNormal.mp3,normal,0.0034253046040755948,0.03171892274196187,20.40285452672541,10.011574286533623,250.7877153791302,2.1249369053748164,246.94165062806206,264.6655079380657,0.854419410745234,10.294348061259956,0.02449432574212551,0.027562564720494617,-0.0021042013255312283,2453.594736144945,390.5671601006028,-401.50537109375,140.42926025390625,-26.619504928588867,20.758384704589844,-23.298601150512695,12.604808807373047,-22.30909538269043,36.074649810791016,-18.500337600708008,-18.55289649963379,8.085211753845215,0.6280595660209656,2.977891206741333,71.98783874511719,16.66335105895996,13.929404258728027,6.958146572113037,17.296646118164062,7.306145191192627,12.248444557189941,9.333022117614746,11.272015571594238,9.857486724853516,4.625601768493652,6.533866882324219,5.986458778381348
maonoStrain,dataset\ไฟล์เสียง\normal\maonoStrain.mp3,normal,0.008706118705399878,0.11978891713124806,12.713742067748925,8.594077068204854,224.78148881776346,11.134739324042757,210.06515286029162,273.99891691894106,0.8100890207715133,0.7079810937612883,0.03244321420788765,0.016766801439767737,-0.0027277522167229408,3002.3739359562496,479.8308625072622,-411.70733642578125,134.6923828125,-26.166271209716797,14.921634674072266,-56.182838439941406,11.960124969482422,-12.657652854919434,37.270477294921875,-2.281374216079712,-20.178800582885742,-1.952541470527649,6.125922203063965,-9.382111549377441,104.9903793334961,19.94719123840332,18.04698944091797,7.321359157562256,35.81463623046875,5.634774208068848,11.737310409545898,11.170260429382324,7.31895112991333,10.616143226623535,6.786749839782715,5.341394424438477,9.456852912902832
Mnormal1,dataset\ไฟล์เสียง\normal\Mnormal1.mp3,normal,0.005938449565908668,0.05144760028690467,19.697282958990787,13.556459873917198,114.66471443240636,12.875760343946801,65.40639132514966,130.0593564629863,0.8792517006802721,15.823164961256559,0.03322092816233635,0.031237183396693288,-0.0019117034243675622,1702.4957975673879,991.4707711033379,-498.3345031738281,178.21987915039062,-9.868231773376465,15.877100944519043,7.295801162719727,27.226337432861328,-5.968733787536621,22.544857025146484,0.6545490026473999,10.877532005310059,21.057851791381836,2.1188714504241943,3.6995625495910645,83.43327331542969,47.14116287231445,18.689912796020508,13.974185943603516,6.85727071762085,3.9284005165100098,6.09443473815918,5.46422004699707,4.520051956176758,4.395823001861572,7.435667514801025,4.941874027252197,4.5149922370910645
Mnormal2,dataset\ไฟล์เสียง\normal\Mnormal2.mp3,normal,0.004817713417585616,0.02803208037302096,21.205287624658034,14.954428562445738,102.080545859707,1.222786516584323,99.71184887709214,109.99999999999999,0.7925925925925926,13.914888641929466,0.028559178113937378,0.02803709412632662,-0.002119327366890785,1524.3940473865164,762.0046519863489,-401.56494140625,209.9816131591797,-12.099474906921387,8.511472702026367,17.55919647216797,15.916631698608398,-15.566943168640137,5.054196357727051,19.343555450439453,-7.82848596572876,-9.070091247558594,27.426671981811523,7.208198547363281,104.25505828857422,56.6231575012207,20.009967803955078,11.316795349121094,8.215164184570312,5.664496421813965,11.50049877166748,9.164090156555176,10.783138275146484,7.452754020690918,11.179622650146484,10.935125350952148,4.851521968841553
Mnormal3,dataset\ไฟล์เสียง\normal\Mnormal3.mp3,normal,0.0030803959466032993,0.016006018179009183,28.295413961480975,13.130028839513018,122.87709581623042,8.34664821125471,65.40639132514966,139.3941668115768,0.9484808454425363,20.911920864771616,0.02025865577161312,0.03565359563087024,-0.0016227243055689177,794.2441206759478,375.087012609726,-392.0367126464844,201.9153289794922,22.759891510009766,20.48529052734375,25.508922576904297,-4.23293399810791,-13.928609848022461,17.779645919799805,21.302352905273438,-13.856010437011719,-4.8128342628479,17.181203842163086,8.150064468383789,69.84834289550781,38.86173629760742,22.546142578125,7.611424446105957,8.23602294921875,9.335951805114746,10.336409568786621,5.240912437438965,7.782925128936768,8.22808837890625,5.246483325958252,4.852346420288086,3.6295976638793945
normal2,dataset\ไฟล์เสียง\normal\normal2.mp3,normal,0.004532929158186444,0.030288342297127544,19.63427236586313,9.409495310295206,249.6378469266892,2.2662668295582034,226.44649206156825,252.71363809934766,0.828125,9.33035889165196,0.022222869098186493,0.015022603112179084,-0.0022685660033083567,2277.392316658319,771.2373898044145,-458.6600036621094,149.0432891845703,-42.530845642089844,23.152084350585938,-24.01848602294922,4.219912528991699,-11.917283058166504,22.37943458557129,-8.134439468383789,-9.093718528747559,-0.6612892150878906,3.401071548461914,4.872365951538086,89.32273864746094,26.640113830566406,25.33016586303711,8.195952415466309,18.452043533325195,9.614986419677734,10.466124534606934,6.710888385772705,8.372529983520508,7.215087413787842,7.694635391235352,6.5076584815979,7.035106182098389
normal3,dataset\ไฟล์เสียง\normal\normal3.mp3,normal,0.004513270622355082,0.029589711608396567,19.48983183158626,8.388459102337366,246.8892344216067,2.0231530376088993,231.73942791006385,266.19869962824436,0.8684931506849315,14.708957342686357,0.02128659002482891,0.014968862043922738,-0.002280735887855751,2414.3498549671513,406.21383441685157,-440.733642578125,143.3410186767578,-31.63271141052246,34.00935363769531,-34.62670135498047,4.842667579650879,-12.889721870422363,26.705629348754883,-6.060643196105957,-18.62302017211914,7.327429294586182,-4.1859612464904785,4.028287887573242,70.49913787841797,16.66573143005371,14.900799751281738,9.962337493896484,18.487812042236328,6.425359725952148,10.960333824157715,6.145190715789795,6.961697101593018,6.702099800109863,5.087704658508301,6.714206695556641,6.042901992797852
normal4,dataset\ไฟล์เสียง\normal\normal4.mp3,normal,0.005230595985072632,0.029088815395227962,21.043826272315307,9.33462313489898,239.2020236516094,2.21423080014335,219.99999999999997,246.94165062806206,0.8453453453453453,13.555917554559295,0.021124687045812607,0.01591520752597719,-0.0021168910155812347,2297.5621203173378,420.74325255748124,-394.67730712890625,145.81568908691406,-18.914270401000977,24.142406463623047,-27.86956024169922,14.139705657958984,-16.44696617126465,25.82912254333496,-3.951920509338379,-18.81267547607422,-4.902439117431641,-4.667675495147705,9.104930877685547,74.30852508544922,17.989614486694336,11.218232154846191,9.28161334991455,21.463199615478516,11.054699897766113,11.932963371276855,7.378526210784912,5.940310001373291,10.695144653320312,5.867306709289551,7.850220203399658,4.907323837280273
normal5,dataset\ไฟล์เสียง\normal\normal5.mp3,normal,0.0038033742185601717,0.028482726396453602,20.473881807068203,9.611596118662833,232.7135654187456,2.2110684015506377,226.44649206156825,246.94165062806206,0.8172942817294282,12.328325306365189,0.023380018770694733,0.01712780029508568,-0.0021216013270009015,2373.85710678802,399.44832634715164,-374.391357421875,146.49044799804688,-25.16597557067871,21.406587600708008,-26.614364624023438,14.17374324798584,-20.263540267944336,31.107975006103516,-2.133941650390625,-19.826702117919922,-2.127626657485962,-6.9039626121521,7.643509864807129,83.32268524169922,19.08927345275879,12.63631820678711,12.03688907623291,20.705425262451172,6.029929161071777,14.787726402282715,8.685470581054688,5.273088455200195,8.296784400939941,4.64326810836792,9.57420539855957,3.723012924194336
logitechScream,dataset\ไฟล์เสียง\Scream\logitechScream.mp3,Scream,0.051297815746822774,0.23239343311337082,0.5927997679798979,4.493312405669101,569.0282572626849,8.530285563709837,544.8415985660737,583.9467666289698,0.22524271844660193,-11.393315339476665,0.0627216175198555,0.009678739398723074,-0.0028278683992877486,1732.8014244462777,185.83783878760866,-273.0682678222656,215.64488220214844,-115.00060272216797,-59.35979080200195,-13.346386909484863,-46.0859489440918,14.038298606872559,19.33212661743164,-28.834373474121094,-9.869845390319824,1.3306498527526855,-13.561965942382812,-15.65349292755127,42.37361145019531,16.367046356201172,34.38718032836914,12.905848503112793,13.442440032958984,11.235121726989746,7.5259623527526855,6.398496627807617,6.325168132781982,4.64251184463501,4.429988861083984,5.583631992340088,5.481719017028809
maonoScream,dataset\ไฟล์เสียง\Scream\maonoScream.mp3,Scream,0.042053637368934284,0.19601497781578153,0.8287027432982266,5.7987715692237325,283.4217378862157,2.6291888124607508,277.1826309768721,288.6197829762387,0.06830122591943957,-6.123074099736736,0.03936249390244484,0.01004771443082372,-0.0032765768631201,4108.1027525214695,542.4370629110249,-166.72348022460938,123.20216369628906,-87.97892761230469,10.721757888793945,-69.4471435546875,22.65357208251953,-23.96051025390625,36.36296081542969,-22.995351791381836,-13.668570518493652,13.51877212524414,-13.637255668640137,-11.450531959533691,55.580482482910156,18.94561195373535,12.29548168182373,9.018030166625977,16.336380004882812,7.341060161590576,10.200319290161133,9.738003730773926,9.673322677612305,11.452332496643066,7.397235870361328,13.772737503051758,9.567205429077148
Mhoarsed2-wind,dataset\ไฟล์เสียง\wind\Mhoarsed2-wind.mp3,wind,0.08006040746049169,0.208035947079709,4.161031602575839,3.6489808519517415,575.1141804276848,7.479047081672835,538.5835590540482,580.5834807400734,0.034210526315789476,-3.8683936471577747,0.04503493010997772,0.022615671280128594,-0.0035421598724089606,4674.859445884167,1271.702765850848,-493.4743347167969,108.20144653320312,-53.697513580322266,44.05656814575195,-28.81095314025879,52.52040100097656,-16.98213768005371,2.177232027053833,-17.072147369384766,-2.134009838104248,18.2379093170166,20.191097259521484,4.162365436553955,63.86819839477539,26.035505294799805,29.44428825378418,13.5618896484375,17.539592742919922,13.220044136047363,8.794902801513672,9.41171932220459,9.091686248779297,8.864862442016602,6.899553298950195,6.414255619049072,6.717052936553955
totalWind,dataset\ไฟล์เสียง\wind\totalWind.mp3,wind,0.05750878649270454,0.20601823012100987,0.7094176615687245,5.267073222144086,524.6135287916494,11.967825465321548,499.62194879118596,564.0553960451207,0.24519230769230768,-3.239825675594534,0.04509631171822548,0.010687508419169742,-0.003144183247955965,3669.8947718820555,653.762395978835,-297.0509948730469,147.03091430664062,-31.582056045532227,13.727492332458496,-60.70674514770508,21.846914291381836,-22.17863655090332,50.52814483642578,6.096817970275879,-26.469661712646484,19.75815200805664,3.5428466796875,-9.180902481079102,80.65926361083984,22.63169288635254,16.649738311767578,11.103203773498535,25.555339813232422,6.960459232330322,12.849480628967285,11.775348663330078,7.3276777267456055,12.194432258605957,7.6763739585876465,9.401169776916504,8.470463752746582
