label_a,label_b,feature,mean_a,mean_b,std_a,std_b,difference,abs_difference,cohens_d,abs_cohens_d
Scream,cold,hnr_db,0.7107512556390623,19.68861281690484,0.16680859354967298,0.5487651952994942,-18.977861561265776,18.977861561265776,-46.79346616063966,46.79346616063966
Scream,cold,mfcc_12_mean,-13.599610805511475,0.8205314204096792,0.053237875990232816,1.4997946875662087,-14.420142225921154,14.420142225921154,-13.588743245009853,13.588743245009853
Scream,cold,spectral_entropy,12.456781143107023,6.178877708275933,0.5299860350391851,0.6368882563926288,6.27790343483109,6.27790343483109,10.715331478797799,10.715331478797799
Scream,cold,shimmer_local,0.21420420546457614,0.036624280626680106,0.02572345243001707,0.001670721776469615,0.17757992483789603,0.17757992483789603,9.74239015682922,9.74239015682922
Scream,cold,alpha_ratio_db,-8.758194719606701,16.32585485621317,3.726623319109101,0.0906547765346527,-25.08404957581987,25.08404957581987,-9.516312357324738,9.516312357324738
Scream,cold,jitter_local,0.04667572655787845,0.0058241229370957,0.006536621217503015,1.8236030636931973e-05,0.04085160362078275,0.04085160362078275,8.838307305463221,8.838307305463221
Scream,cold,f0_voiced_ratio,0.1467719721830207,0.8822951009312279,0.11097439361549441,0.04629792794858986,-0.7355231287482071,0.7355231287482071,-8.650575354695437,8.650575354695437
Scream,cold,mfcc_3_mean,-101.48976516723633,-5.751366376876831,19.107209709204064,2.1958565393889766,-95.7383987903595,95.7383987903595,-7.039709477212007,7.039709477212007
Scream,cold,mfcc_9_mean,-25.914862632751465,8.70104718208313,4.128811827360212,6.35257902135747,-34.615909814834595,34.615909814834595,-6.461389512896786,6.461389512896786
Scream,cold,mfcc_13_mean,-13.55201244354248,4.038214206695557,2.9719422015476056,2.7848654908244823,-17.590226650238037,17.590226650238037,-6.107880284099656,6.107880284099656
Scream,fatigue,jitter_local,0.04667572655787845,0.008154275642065367,0.006536621217503015,0.002726610708536527,0.038521450915813084,0.038521450915813084,10.556170002595335,10.556170002595335
Scream,fatigue,f0_voiced_ratio,0.1467719721830207,0.8496355593599412,0.11097439361549441,0.08177222145660397,-0.7028635871769204,0.7028635871769204,-8.049276210003615,8.049276210003615
Scream,fatigue,shimmer_local,0.21420420546457614,0.07026369454771246,0.02572345243001707,0.02932685120131518,0.14394051091686366,0.14394051091686366,5.005293407195431,5.005293407195431
Scream,fatigue,cpps_db,5.1460419874464165,10.18374704727126,0.923099027111598,1.0826370175055355,-5.037705059824843,5.037705059824843,-4.762797590494115,4.762797590494115
Scream,fatigue,mfcc_1_mean,-219.8958740234375,-474.8296610514323,75.19712045414579,56.28836838454641,254.9337870279948,254.9337870279948,4.25911193627273,4.25911193627273
Scream,fatigue,alpha_ratio_db,-8.758194719606701,4.799595031541518,3.726623319109101,3.8025615005812865,-13.557789751148219,13.557789751148219,-3.5772430386344327,3.5772430386344327
Scream,fatigue,hnr_db,0.7107512556390623,12.69393424784037,0.16680859354967298,3.6850484729836688,-11.983182992201307,11.983182992201307,-3.5614810593392305,3.5614810593392305
Scream,fatigue,mfcc_13_mean,-13.55201244354248,0.7327908277511597,2.9719422015476056,4.766270362959869,-14.28480327129364,14.28480327129364,-3.1624617872244136,3.1624617872244136
Scream,fatigue,f0_min_hz,411.01211477147285,144.01329047337447,189.2634710277148,54.19180665077611,266.9988242980984,266.9988242980984,2.9101828421860234,2.9101828421860234
Scream,fatigue,spectral_slope_db_per_hz,-0.0030522226312039,-0.0024917223582325166,0.0003172847975516887,0.00016980487863719738,-0.0005605002729713836,0.0005605002729713836,-2.774673775814358,2.774673775814358
Scream,hoarsed,f0_mean_hz,426.2249975744503,195.94251529449878,201.95430660218844,38.48454168754062,230.28248227995152,230.28248227995152,3.5958123746307322,3.5958123746307322
Scream,hoarsed,f0_min_hz,411.01211477147285,122.99092662948638,189.2634710277148,68.1359130681734,288.0211881419865,288.0211881419865,3.5132251678399435,3.5132251678399435
Scream,hoarsed,alpha_ratio_db,-8.758194719606701,6.159425240002512,3.726623319109101,5.484763146889771,-14.917619959609212,14.917619959609212,-2.7699908153292037,2.7699908153292037
Scream,hoarsed,cpps_db,5.1460419874464165,9.607261926979723,0.923099027111598,1.7094248306931028,-4.461219939533306,4.461219939533306,-2.673675752458821,2.673675752458821
Scream,hoarsed,shimmer_local,0.21420420546457614,0.09773073114554866,0.02572345243001707,0.047552817319787,0.11647347431902748,0.11647347431902748,2.5092299550693835,2.5092299550693835
Scream,hoarsed,mfcc_3_mean,-101.48976516723633,-38.75020984013875,19.107209709204064,27.567176593055205,-62.73955532709758,62.73955532709758,-2.316351070665114,2.316351070665114
Scream,hoarsed,mfcc_1_mean,-219.8958740234375,-378.10597534179686,75.19712045414579,72.76092554051873,158.21010131835936,158.21010131835936,2.1694646925079044,2.1694646925079044
Scream,hoarsed,f0_voiced_ratio,0.1467719721830207,0.6154253946319295,0.11097439361549441,0.2722344185895829,-0.46865342244890873,0.46865342244890873,-1.771446845538976,1.771446845538976
Scream,hoarsed,hnr_db,0.7107512556390623,9.877943534344203,0.16680859354967298,5.435515029300863,-9.16719227870514,9.16719227870514,-1.745671992623319,1.745671992623319
Scream,hoarsed,jitter_local,0.04667572655787845,0.021422882518996853,0.006536621217503015,0.015633772857435214,0.0252528440388816,0.0252528440388816,1.6616265633432559,1.6616265633432559
Scream,normal,jitter_local,0.04667572655787845,0.004884150535626957,0.006536621217503015,0.0017581151643062333,0.041791576022251496,0.041791576022251496,17.173122799976493,17.173122799976493
Scream,normal,f0_voiced_ratio,0.1467719721830207,0.8637738812452583,0.11097439361549441,0.05550110549796784,-0.7170019090622376,0.7170019090622376,-11.724216836606928,11.724216836606928
Scream,normal,shimmer_local,0.21420420546457614,0.04459556121545696,0.02572345243001707,0.03804134004674267,0.16960864424911917,0.16960864424911917,4.54755697607688,4.54755697607688
Scream,normal,hnr_db,0.7107512556390623,19.98296848164554,0.16680859354967298,4.473971898176597,-19.272217226006475,19.272217226006475,-4.470000309878715,4.470000309878715
Scream,normal,mfcc_1_mean,-219.8958740234375,-410.35034833635603,75.19712045414579,47.208795437403566,190.45447431291853,190.45447431291853,3.8295323885792305,3.8295323885792305
Scream,normal,spectral_flux_mean,0.05104205571115015,0.026675455937428094,0.016517394712445944,0.006003671012775371,0.024366599773722054,0.024366599773722054,3.3483703112686363,3.3483703112686363
Scream,normal,spectral_slope_db_per_hz,-0.0030522226312039,-0.0021887537780039285,0.0003172847975516887,0.0002700405439660568,-0.0008634688531999717,0.0008634688531999717,-3.1549648629618714,3.1549648629618714
Scream,normal,mfcc_3_mean,-101.48976516723633,-30.98635114942278,19.107209709204064,23.59026590054216,-70.50341401781355,70.50341401781355,-3.0260700277834442,3.0260700277834442
Scream,normal,f0_mean_hz,426.2249975744503,206.57606151216268,201.95430660218844,52.8800833524677,219.64893606228762,219.64893606228762,2.9591050818680364,2.9591050818680364
Scream,normal,f0_min_hz,411.01211477147285,176.47383542778633,189.2634710277148,69.27402975335285,234.53827934368653,234.53827934368653,2.800323436645041,2.800323436645041
Scream,wind,mfcc_3_mean,-101.48976516723633,-42.639784812927246,19.107209709204064,15.637989991893164,-58.84998035430908,58.84998035430908,-3.370756442908886,3.370756442908886
Scream,wind,mfcc_2_std,17.65632915496826,24.333599090576172,1.8233212197507604,2.406858835899976,-6.67726993560791,6.67726993560791,-3.1273520008361264,3.1273520008361264
Scream,wind,mfcc_12_mean,-13.599610805511475,11.866971969604492,0.053237875990232816,11.772090879893483,-25.466582775115967,25.466582775115967,-3.05933914637437,3.05933914637437
Scream,wind,mfcc_1_std,48.977046966552734,72.26373100280762,9.338668065488852,11.873076077624736,-23.286684036254883,23.286684036254883,-2.1801342383604654,2.1801342383604654
Scream,wind,alpha_ratio_db,-8.758194719606701,-3.5541096613761542,3.726623319109101,0.44446467512904086,-5.204085058230547,5.204085058230547,-1.9609963832748816,1.9609963832748816
Scream,wind,mfcc_11_mean,7.424710988998413,18.99803066253662,8.618303908809501,1.074973915883697,-11.573319673538208,11.573319673538208,-1.8845114836360928,1.8845114836360928
Scream,wind,jitter_local,0.04667572655787845,0.06878459697659806,0.006536621217503015,0.01594640411307099,-0.022108870418719603,0.022108870418719603,-1.8142293939639784,1.8142293939639784
Scream,wind,mfcc_9_mean,-25.914862632751465,-5.487664699554443,4.128811827360212,16.382932504750123,-20.42719793319702,20.42719793319702,-1.7098602806640963,1.7098602806640963
Scream,wind,spectral_centroid_std_hz,364.1374508493168,962.7325809148415,252.15372954352912,436.9498259054237,-598.5951300655247,598.5951300655247,-1.6780256949053103,1.6780256949053103
Scream,wind,mfcc_13_mean,-13.55201244354248,-2.5092685222625732,2.9719422015476056,9.435115227747238,-11.042743921279907,11.042743921279907,-1.5787125552130539,1.5787125552130539
cold,fatigue,spectral_entropy,6.178877708275933,10.383428669028337,0.6368882563926288,0.9302152027712122,-4.204550960752404,4.204550960752404,-4.734422282581334,4.734422282581334
cold,fatigue,mfcc_9_mean,8.70104718208313,-14.693161646525065,6.35257902135747,4.65110114995178,23.394208828608193,23.394208828608193,4.702112585997903,4.702112585997903
cold,fatigue,alpha_ratio_db,16.32585485621317,4.799595031541518,0.0906547765346527,3.8025615005812865,11.526259824671651,11.526259824671651,3.320305913897075,3.320305913897075
cold,fatigue,spectral_slope_db_per_hz,-0.0019983942239366996,-0.0024917223582325166,1.777916518111195e-05,0.00016980487863719738,0.000493328134295817,0.000493328134295817,3.179074861760121,3.179074861760121
cold,fatigue,hnr_db,19.68861281690484,12.69393424784037,0.5487651952994942,3.6850484729836688,6.994678569064471,6.994678569064471,2.0746947610024655,2.0746947610024655
cold,fatigue,mfcc_3_mean,-5.751366376876831,-48.678802808125816,2.1958565393889766,25.42164998924612,42.927436431248985,42.927436431248985,1.8484089116153923,1.8484089116153923
cold,fatigue,cpps_db,8.494096172924998,10.18374704727126,0.3459276449128511,1.0826370175055355,-1.6896508743462615,1.6896508743462615,-1.6924484776335982,1.6924484776335982
cold,fatigue,mfcc_6_mean,29.12728500366211,-15.843696594238281,0.5109357920791376,34.264015377730466,44.97098159790039,44.97098159790039,1.4377225256868864,1.4377225256868864
cold,fatigue,shimmer_local,0.036624280626680106,0.07026369454771246,0.001670721776469615,0.02932685120131518,-0.033639413921032355,0.033639413921032355,-1.2561245536960826,1.2561245536960826
cold,fatigue,f0_std_hz,4.169013654243258,30.889818602722347,1.7982606563817056,23.299241642207377,-26.72080494847909,26.72080494847909,-1.2555667974618263,1.2555667974618263
cold,hoarsed,spectral_entropy,6.178877708275933,10.94388267591737,0.6368882563926288,1.6804373043334462,-4.765004967641437,4.765004967641437,-2.920155938342347,2.920155938342347
cold,hoarsed,spectral_slope_db_per_hz,-0.0019983942239366996,-0.0027220285171610003,1.777916518111195e-05,0.00036521401715367837,0.0007236342932243007,0.0007236342932243007,2.0507681265410076,2.0507681265410076
cold,hoarsed,alpha_ratio_db,16.32585485621317,6.159425240002512,0.0906547765346527,5.484763146889771,10.166429616210657,10.166429616210657,1.9186155273766299,1.9186155273766299
cold,hoarsed,hnr_db,19.68861281690484,9.877943534344203,0.5487651952994942,5.435515029300863,9.810669282560637,9.810669282560637,1.8675898684727763,1.8675898684727763
cold,hoarsed,mfcc_9_mean,8.70104718208313,-13.305412709712982,6.35257902135747,13.055298786261039,22.006459891796112,22.006459891796112,1.7302277190622704,1.7302277190622704
cold,hoarsed,mfcc_1_mean,-481.78785705566406,-378.10597534179686,37.5386995638951,72.76092554051873,-103.6818817138672,103.6818817138672,-1.4611559156597813,1.4611559156597813
cold,hoarsed,mfcc_11_std,4.002268671989441,6.98631919225057,0.35443898017418435,2.126371816779144,-2.984050520261129,2.984050520261129,-1.4511691889572012,1.4511691889572012
cold,hoarsed,shimmer_local,0.036624280626680106,0.09773073114554866,0.001670721776469615,0.047552817319787,-0.06110645051886855,0.06110645051886855,-1.3300662444754836,1.3300662444754836
cold,hoarsed,spectral_flux_mean,0.023503101430833298,0.03945820567508534,0.002815052549404358,0.012651189450475544,-0.01595510424425204,0.01595510424425204,-1.303116658866752,1.303116658866752
cold,hoarsed,mfcc_2_mean,133.83209991455078,168.80635884602864,11.771996470952818,28.899257825237868,-34.97425893147786,34.97425893147786,-1.245331300142247,1.245331300142247
cold,normal,mfcc_1_mean,-481.78785705566406,-410.35034833635603,37.5386995638951,47.208795437403566,-71.43750871930803,71.43750871930803,-1.5334975169104255,1.5334975169104255
cold,normal,mfcc_8_mean,37.19442272186279,21.519759723118373,9.515354397942277,10.576728500867592,15.67466299874442,15.67466299874442,1.4921893543653466,1.4921893543653466
cold,normal,spectral_centroid_mean_hz,2800.221861458488,2001.6733675164967,492.10289648168646,553.8426221880123,798.5484939419914,798.5484939419914,1.4527973926061444,1.4527973926061444
cold,normal,mfcc_11_std,4.002268671989441,6.338567563465664,0.35443898017418435,1.8040025411670773,-2.336298891476223,2.336298891476223,-1.341960593677857,1.341960593677857
cold,normal,mfcc_5_mean,-39.37749099731445,-9.962712798799787,8.62608556574377,23.612284353254488,-29.414778198514668,29.414778198514668,-1.2861807678134853,1.2861807678134853
cold,normal,mfcc_3_std,12.04234790802002,20.990635531289236,2.3405918517484796,7.212130064420314,-8.948287623269216,8.948287623269216,-1.2823794026342146,1.2823794026342146
cold,normal,mfcc_6_mean,29.12728500366211,5.329466887882778,0.5109357920791376,19.329737893596697,23.797818115779332,23.797818115779332,1.277591010235025,1.277591010235025
cold,normal,cpps_db,8.494096172924998,11.19677956864898,0.3459276449128511,2.2810384991093824,-2.702683395723982,2.702683395723982,-1.2284884442209385,1.2284884442209385
cold,normal,mfcc_2_mean,133.83209991455078,162.5415758405413,11.771996470952818,25.647889501586114,-28.709475925990517,28.709475925990517,-1.1523257643814449,1.1523257643814449
cold,normal,mfcc_3_mean,-5.751366376876831,-30.98635114942278,2.1958565393889766,23.59026590054216,25.23498477254595,25.23498477254595,1.1097313947231449,1.1097313947231449
cold,wind,shimmer_local,0.036624280626680106,0.2070270886003594,0.001670721776469615,0.001426741344011286,-0.1704028079736793,0.1704028079736793,-109.68759109183969,109.68759109183969
cold,wind,alpha_ratio_db,16.32585485621317,-3.5541096613761542,0.0906547765346527,0.44446467512904086,19.879964517589322,19.879964517589322,61.978719080310846,61.978719080310846
cold,wind,f0_max_hz,232.41065433455438,572.319438392597,0.9492575129377036,11.68712076782662,-339.90878405804267,339.90878405804267,-40.996050239848245,40.996050239848245
cold,wind,f0_min_hz,192.63380805814995,519.1027539226171,1.5735729915297296,27.55001882281726,-326.4689458644672,326.4689458644672,-16.731224187665646,16.731224187665646
cold,wind,f0_mean_hz,203.1775700911874,549.8638546096671,0.6816920493684626,35.70935322618015,-346.68628451847974,346.68628451847974,-13.727471600702534,13.727471600702534
cold,wind,mfcc_11_mean,0.1598198413848878,18.99803066253662,1.7657548624184587,1.074973915883697,-18.838210821151733,18.838210821151733,-12.887387051155137,12.887387051155137
cold,wind,spectral_flux_mean,0.023503101430833298,0.04506562091410155,0.002815052549404358,4.340335143208581e-05,-0.021562519483268254,0.021562519483268254,-10.831195162568944,10.831195162568944
cold,wind,hnr_db,19.68861281690484,2.435224632072282,0.5487651952994942,2.440659623724155,17.25338818483256,17.25338818483256,9.753778939633978,9.753778939633978
cold,wind,spectral_entropy,6.178877708275933,13.124600465204914,0.6368882563926288,0.9531174415075295,-6.945722756928981,6.945722756928981,-8.568897057250009,8.568897057250009
cold,wind,mfcc_11_std,4.002268671989441,7.287963628768921,0.35443898017418435,0.5492951561954487,-3.28569495677948,3.28569495677948,-7.108030581868208,7.108030581868208
fatigue,hoarsed,mfcc_12_std,4.343783100446065,7.736848672231038,0.8190283471811293,2.6982960864955983,-3.393065571784973,3.393065571784973,-1.4414024703530044,1.4414024703530044
fatigue,hoarsed,mfcc_1_mean,-474.8296610514323,-378.10597534179686,56.28836838454641,72.76092554051873,-96.72368570963545,96.72368570963545,-1.4056747122364317,1.4056747122364317
fatigue,hoarsed,mfcc_11_mean,-4.938218871752421,6.108600433667501,6.5718563903283345,9.753150263245342,-11.046819305419923,11.046819305419923,-1.223976938081149,1.223976938081149
fatigue,hoarsed,mfcc_13_std,4.49340037504832,6.767851463953654,0.836615531261852,2.145713999701152,-2.2744510889053338,2.2744510889053338,-1.2026429949070758,1.2026429949070758
fatigue,hoarsed,mfcc_10_std,5.364468415578206,7.9001728057861325,1.6846946648431271,2.308072078712189,-2.5357043902079264,2.5357043902079264,-1.1731081982441136,1.1731081982441136
fatigue,hoarsed,mfcc_11_std,4.816935261090596,6.98631919225057,0.9492609452981745,2.126371816779144,-2.169383931159974,2.169383931159974,-1.1483639154527077,1.1483639154527077
fatigue,hoarsed,f0_voiced_ratio,0.8496355593599412,0.6154253946319295,0.08177222145660397,0.2722344185895829,0.2342101647280117,0.2342101647280117,0.9864809439014668,0.9864809439014668
fatigue,hoarsed,jitter_local,0.008154275642065367,0.021422882518996853,0.002726610708536527,0.015633772857435214,-0.013268606876931486,0.013268606876931486,-0.9833952429280266,0.9833952429280266
fatigue,hoarsed,mfcc_4_std,7.782267014185588,10.662322044372559,1.5283225476009374,3.4457024441531066,-2.8800550301869707,2.8800550301869707,-0.9412194158321142,0.9412194158321142
fatigue,hoarsed,spectral_flux_std,0.011195249609253234,0.016473482241060714,0.0032371324476195254,0.006321356950532804,-0.00527823263180748,0.00527823263180748,-0.9301443231016837,0.9301443231016837
fatigue,normal,hnr_db,12.69393424784037,19.98296848164554,3.6850484729836688,4.473971898176597,-7.28903423380517,7.28903423380517,-1.7072438717637204,1.7072438717637204
fatigue,normal,f0_std_hz,30.889818602722347,7.483609639312459,23.299241642207377,9.765646644246479,23.406208963409888,23.406208963409888,1.5792320703715546,1.5792320703715546
fatigue,normal,jitter_local,0.008154275642065367,0.004884150535626957,0.002726610708536527,0.0017581151643062333,0.0032701251064384098,0.0032701251064384098,1.5774568033578633,1.5774568033578633
fatigue,normal,spectral_entropy,10.383428669028337,7.869632554546853,0.9302152027712122,1.8725188978173959,2.513796114481484,2.513796114481484,1.5096558147015424,1.5096558147015424
fatigue,normal,spectral_flux_std,0.011195249609253234,0.022576890692235015,0.0032371324476195254,0.009016213213448773,-0.01138164108298178,0.01138164108298178,-1.4498987916732535,1.4498987916732535
fatigue,normal,mfcc_12_std,4.343783100446065,6.893695729119437,0.8190283471811293,2.143741620644702,-2.549912628673372,2.549912628673372,-1.3619353691750549,1.3619353691750549
fatigue,normal,mfcc_10_std,5.364468415578206,8.172369888850621,1.6846946648431271,2.2948822721900077,-2.8079014732724152,2.8079014732724152,-1.3103364259759958,1.3103364259759958
fatigue,normal,mfcc_7_std,6.608863115310669,10.473699637821742,2.353234417596548,3.170522566300928,-3.864836522511073,3.864836522511073,-1.3029704828591744,1.3029704828591744
fatigue,normal,mfcc_1_mean,-474.8296610514323,-410.35034833635603,56.28836838454641,47.208795437403566,-64.47931271507628,64.47931271507628,-1.292250796158796,1.292250796158796
fatigue,normal,spectral_slope_db_per_hz,-0.0024917223582325166,-0.0021887537780039285,0.00016980487863719738,0.0002700405439660568,-0.0003029685802285881,0.0003029685802285881,-1.2299630877686136,1.2299630877686136
fatigue,wind,f0_mean_hz,199.19295320064518,549.8638546096671,23.37384680201305,35.70935322618015,-350.6709014090219,350.6709014090219,-13.569825858817188,13.569825858817188
fatigue,wind,f0_max_hz,253.5780211603075,572.319438392597,30.10541631191664,11.68712076782662,-318.74141723228956,318.74141723228956,-11.42710390108576,11.42710390108576
fatigue,wind,jitter_local,0.008154275642065367,0.06878459697659806,0.002726610708536527,0.01594640411307099,-0.06063032133453269,0.06063032133453269,-8.699136361787572,8.699136361787572
fatigue,wind,f0_min_hz,144.01329047337447,519.1027539226171,54.19180665077611,27.55001882281726,-375.08946344924266,375.08946344924266,-7.393464391622864,7.393464391622864
fatigue,wind,f0_voiced_ratio,0.8496355593599412,0.1397014170040485,0.08177222145660397,0.14918664831815368,0.7099341423558927,0.7099341423558927,7.368931929833522,7.368931929833522
fatigue,wind,cpps_db,10.18374704727126,4.458027037047914,1.0826370175055355,1.1441640875492203,5.725720010223346,5.725720010223346,5.237903354963361,5.237903354963361
fatigue,wind,shimmer_local,0.07026369454771246,0.2070270886003594,0.02932685120131518,0.001426741344011286,-0.13676339405264692,0.13676339405264692,-5.107310873659371,5.107310873659371
fatigue,wind,spectral_slope_db_per_hz,-0.0024917223582325166,-0.0033431715601824,0.00016980487863719738,0.00028141196990444833,0.0008514492019498832,0.0008514492019498832,4.4129653707276155,4.4129653707276155
fatigue,wind,mfcc_11_mean,-4.938218871752421,18.99803066253662,6.5718563903283345,1.074973915883697,-23.936249534289043,23.936249534289043,-3.9792366299311728,3.9792366299311728
fatigue,wind,mfcc_13_std,4.49340037504832,7.5937583446502686,0.836615531261852,1.2398486783356455,-3.1003579696019488,3.1003579696019488,-3.3838246529007154,3.3838246529007154
hoarsed,normal,hnr_db,9.877943534344203,19.98296848164554,5.435515029300863,4.473971898176597,-10.105024947301336,10.105024947301336,-2.022742222261798,2.022742222261798
hoarsed,normal,spectral_entropy,10.94388267591737,7.869632554546853,1.6804373043334462,1.8725188978173959,3.0742501213705173,3.0742501213705173,1.7314676999722924,1.7314676999722924
hoarsed,normal,spectral_slope_db_per_hz,-0.0027220285171610003,-0.0021887537780039285,0.00036521401715367837,0.0002700405439660568,-0.0005332747391570717,0.0005332747391570717,-1.651462876662663,1.651462876662663
hoarsed,normal,jitter_local,0.021422882518996853,0.004884150535626957,0.015633772857435214,0.0017581151643062333,0.016538731983369897,0.016538731983369897,1.4605658850930245,1.4605658850930245
hoarsed,normal,spectral_flux_mean,0.03945820567508534,0.026675455937428094,0.012651189450475544,0.006003671012775371,0.012782749737657244,0.012782749737657244,1.276077010041467,1.276077010041467
hoarsed,normal,f0_voiced_ratio,0.6154253946319295,0.8637738812452583,0.2722344185895829,0.05550110549796784,-0.24834848661332887,0.24834848661332887,-1.2431204438998782,1.2431204438998782
hoarsed,normal,shimmer_local,0.09773073114554866,0.04459556121545696,0.047552817319787,0.03804134004674267,0.0531351699300917,0.0531351699300917,1.2289790994333618,1.2289790994333618
hoarsed,normal,f0_std_hz,46.04795486027542,7.483609639312459,47.524433709907015,9.765646644246479,38.564345220962956,38.564345220962956,1.1054407501382235,1.1054407501382235
hoarsed,normal,mfcc_5_mean,-33.52089145183563,-9.962712798799787,24.367067224134495,23.612284353254488,-23.558178653035846,23.558178653035846,-0.981320271447554,0.981320271447554
hoarsed,normal,mfcc_9_mean,-13.305412709712982,-2.766611940094403,13.055298786261039,11.92559989023834,-10.538800769618579,10.538800769618579,-0.8414819319234912,0.8414819319234912
hoarsed,wind,f0_mean_hz,195.94251529449878,549.8638546096671,38.48454168754062,35.70935322618015,-353.9213393151683,353.9213393151683,-9.239370542142362,9.239370542142362
hoarsed,wind,f0_min_hz,122.99092662948638,519.1027539226171,68.1359130681734,27.55001882281726,-396.1118272931308,396.1118272931308,-5.982768751775222,5.982768751775222
hoarsed,wind,f0_max_hz,270.1575775263667,572.319438392597,92.03884214509229,11.68712076782662,-302.1618608662303,302.1618608662303,-3.396254007500793,3.396254007500793
hoarsed,wind,cpps_db,9.607261926979723,4.458027037047914,1.7094248306931028,1.1441640875492203,5.149234889931809,5.149234889931809,3.0692656571534793,3.0692656571534793
hoarsed,wind,jitter_local,0.021422882518996853,0.06878459697659806,0.015633772857435214,0.01594640411307099,-0.047361714457601206,0.047361714457601206,-3.0253779470722573,3.0253779470722573
hoarsed,wind,shimmer_local,0.09773073114554866,0.2070270886003594,0.047552817319787,0.001426741344011286,-0.10929635745481074,0.10929635745481074,-2.3790144814280203,2.3790144814280203
hoarsed,wind,spectral_centroid_mean_hz,2569.7392903266136,4172.377108883112,868.52648207712,710.617335839821,-1602.6378185564981,1602.6378185564981,-1.8659127192902811,1.8659127192902811
hoarsed,wind,alpha_ratio_db,6.159425240002512,-3.5541096613761542,5.484763146889771,0.44446467512904086,9.713534901378665,9.713534901378665,1.8327330308446543,1.8327330308446543
hoarsed,wind,spectral_centroid_std_hz,535.9254940266876,962.7325809148415,214.89535471535692,436.9498259054237,-426.8070868881539,426.8070868881539,-1.806337993236696,1.806337993236696
hoarsed,wind,f0_voiced_ratio,0.6154253946319295,0.1397014170040485,0.2722344185895829,0.14918664831815368,0.475723977627881,0.475723977627881,1.7897190885015468,1.7897190885015468
normal,wind,jitter_local,0.004884150535626957,0.06878459697659806,0.0017581151643062333,0.01594640411307099,-0.06390044644097109,0.06390044644097109,-13.93307859395352,13.93307859395352
normal,wind,f0_voiced_ratio,0.8637738812452583,0.1397014170040485,0.05550110549796784,0.14918664831815368,0.7240724642412099,0.7240724642412099,10.854174362105365,10.854174362105365
normal,wind,f0_mean_hz,206.57606151216268,549.8638546096671,52.8800833524677,35.70935322618015,-343.2877930975044,343.2877930975044,-6.621738202016845,6.621738202016845
normal,wind,f0_max_hz,233.21476647558325,572.319438392597,62.33404814306496,11.68712076782662,-339.1046719170138,339.1046719170138,-5.637861330578079,5.637861330578079
normal,wind,f0_min_hz,176.47383542778633,519.1027539226171,69.27402975335285,27.55001882281726,-342.6289184948308,342.6289184948308,-5.101759271940167,5.101759271940167
normal,wind,shimmer_local,0.04459556121545696,0.2070270886003594,0.03804134004674267,0.001426741344011286,-0.16243152738490244,0.16243152738490244,-4.430812459335977,4.430812459335977
normal,wind,spectral_slope_db_per_hz,-0.0021887537780039285,-0.0033431715601824,0.0002700405439660568,0.00028141196990444833,0.0011544177821784713,0.0011544177821784713,4.2619103625432615,4.2619103625432615
normal,wind,hnr_db,19.98296848164554,2.435224632072282,4.473971898176597,2.440659623724155,17.54774384957326,17.54774384957326,4.024440173319908,4.024440173319908
normal,wind,spectral_centroid_mean_hz,2001.6733675164967,4172.377108883112,553.8426221880123,710.617335839821,-2170.703741366615,2170.703741366615,-3.8319056255520128,3.8319056255520128
normal,wind,spectral_flux_mean,0.026675455937428094,0.04506562091410155,0.006003671012775371,4.340335143208581e-05,-0.018390164976673458,0.018390164976673458,-3.1787780688218845,3.1787780688218845
